{
  "full_accuracy": 1.0,
  "full_latency": 0.07082986831665039,
  "full_tokens": 1863,
  "rag_accuracy": 0.0,
  "rag_latency": 0.02981424331665039,
  "rag_tokens": 298,
  "improvement": {
    "accuracy": -1.0,
    "latency_reduction": 57.90724446449129,
    "token_reduction": 84.00429414922168
  }
}